,WALM1.Alm.tripTm,WALM1.Alm.fllTm,WALM1.Alm.ackTm,WALM1.Alm.stVal,WALM1.Alm.d,WALM1.Alm.almLev,WALM1.Alm.t,WALM1.Alm.par1,WALM1.Alm.par2,DeviceId,TimeStampUTC
0,2018-04-23 05:53:16.0,,,266,Pitch: -2.7° Power:  976.6 kW,1,2018-04-23 14:42:48.347,-27,9766,2440,2018-04-23 05:53:16.0
1,2018-04-23 05:53:16.0,,,265,Wind:  7.8 m/s  Gen:1207.5 RPM,1,2018-04-23 14:42:49.033,78,12075,2440,2018-04-23 05:53:16.0
2,2018-04-23 05:53:16.0,,,273,E.Wind: 8.1m/s Nac.Dir: 134.1°,1,2018-04-23 14:42:49.677,81,1341,2440,2018-04-23 05:53:16.0
3,2018-04-23 05:59:26.0,,,830,External power ref.:1281kW,1,2018-04-23 14:42:50.367,1281,0,2440,2018-04-23 05:59:26.0
4,2018-04-23 06:23:16.0,,,266,Pitch: -2.7° Power:  855.5 kW,1,2018-04-23 14:42:50.99,-27,8555,2440,2018-04-23 06:23:16.0
5,2018-04-23 06:23:16.0,,,265,Wind:  7.0 m/s  Gen:1187.0 RPM,1,2018-04-23 14:42:51.607,70,11870,2440,2018-04-23 06:23:16.0
6,2018-04-23 06:23:16.0,,,273,E.Wind: 7.8m/s Nac.Dir: 134.1°,1,2018-04-23 14:42:52.223,78,1341,2440,2018-04-23 06:23:16.0
7,2018-04-23 06:29:27.0,,,830,External power ref.:1090kW,1,2018-04-23 14:42:52.837,1090,0,2440,2018-04-23 06:29:27.0
8,2018-04-23 06:53:16.0,,,266,Pitch: -2.8° Power:  601.9 kW,1,2018-04-23 14:42:54.797,-28,6019,2440,2018-04-23 06:53:16.0
9,2018-04-23 06:53:16.0,,,265,Wind:  6.5 m/s  Gen:1051.2 RPM,1,2018-04-23 14:42:55.453,65,10512,2440,2018-04-23 06:53:16.0
10,2018-04-23 06:53:16.0,,,273,E.Wind: 6.9m/s Nac.Dir: 140.4°,1,2018-04-23 14:42:56.08,69,1404,2440,2018-04-23 06:53:16.0
11,2018-04-23 06:59:27.0,,,830,External power ref.: 847kW,1,2018-04-23 14:42:56.71,847,0,2440,2018-04-23 06:59:27.0
12,2018-04-23 07:23:16.0,,,266,Pitch: -2.8° Power:  470.9 kW,1,2018-04-23 14:42:57.323,-28,4709,2440,2018-04-23 07:23:16.0
13,2018-04-23 07:23:16.0,,,265,Wind:  5.8 m/s  Gen:1002.5 RPM,1,2018-04-23 14:42:57.937,58,10025,2440,2018-04-23 07:23:16.0
14,2018-04-23 07:23:16.0,,,273,E.Wind: 6.4m/s Nac.Dir: 148.4°,1,2018-04-23 14:42:58.553,64,1484,2440,2018-04-23 07:23:16.0
15,2018-04-23 07:29:27.0,,,830,External power ref.:2000kW,1,2018-04-23 14:42:59.17,2000,0,2440,2018-04-23 07:29:27.0
16,2018-04-23 07:53:16.0,,,266,Pitch: -2.8° Power:  661.6 kW,1,2018-04-23 14:42:59.78,-28,6616,2440,2018-04-23 07:53:16.0
17,2018-04-23 07:53:16.0,,,265,Wind:  7.4 m/s  Gen:1059.6 RPM,1,2018-04-23 14:43:00.433,74,10596,2440,2018-04-23 07:53:16.0
18,2018-04-23 07:53:16.0,,,273,E.Wind: 7.3m/s Nac.Dir: 164.8°,1,2018-04-23 14:43:01.07,73,1648,2440,2018-04-23 07:53:16.0
19,2018-04-23 07:59:27.0,,,830,External power ref.: 578kW,1,2018-04-23 14:43:01.683,578,0,2440,2018-04-23 07:59:27.0
20,2018-04-23 08:23:16.0,,,266,Pitch: -2.0° Power:  386.7 kW,1,2018-04-23 14:43:02.293,-20,3867,2440,2018-04-23 08:23:16.0
21,2018-04-23 08:23:16.0,,,265,Wind:  5.3 m/s  Gen:1009.9 RPM,1,2018-04-23 14:43:02.9,53,10099,2440,2018-04-23 08:23:16.0
22,2018-04-23 08:23:16.0,,,273,E.Wind: 6.1m/s Nac.Dir: 163.5°,1,2018-04-23 14:43:03.53,61,1635,2440,2018-04-23 08:23:16.0
23,2018-04-23 08:29:27.0,,,830,External power ref.:2000kW,1,2018-04-23 14:43:04.13,2000,0,2440,2018-04-23 08:29:27.0
24,2018-04-23 08:50:01.0,,,2803,YawLubr Completed Req: 1,1,2018-04-23 14:43:04.8,1,0,2440,2018-04-23 08:50:01.0
25,2018-04-23 08:53:16.0,,,266,Pitch: -2.8° Power:  576.5 kW,1,2018-04-23 14:43:05.463,-28,5765,2440,2018-04-23 08:53:16.0
26,2018-04-23 08:53:16.0,,,265,Wind:  6.0 m/s  Gen:1048.3 RPM,1,2018-04-23 14:43:06.09,60,10483,2440,2018-04-23 08:53:16.0
27,2018-04-23 08:53:16.0,,,273,E.Wind: 6.9m/s Nac.Dir: 176.1°,1,2018-04-23 14:43:06.69,69,1761,2440,2018-04-23 08:53:16.0
28,2018-04-23 08:59:27.0,,,830,External power ref.: 735kW,1,2018-04-23 14:43:07.307,735,0,2440,2018-04-23 08:59:27.0
29,2018-04-23 09:23:16.0,,,266,Pitch: -2.7° Power: 1210.5 kW,1,2018-04-23 14:43:07.923,-27,12105,2440,2018-04-23 09:23:16.0
30,2018-04-23 09:23:16.0,,,265,Wind:  7.4 m/s  Gen:1246.8 RPM,1,2018-04-23 14:43:08.54,74,12468,2440,2018-04-23 09:23:16.0
31,2018-04-23 09:23:16.0,,,273,E.Wind: 8.9m/s Nac.Dir: 192.9°,1,2018-04-23 14:43:09.16,89,1929,2440,2018-04-23 09:23:16.0
32,2018-04-23 09:29:27.0,,,830,External power ref.:1454kW,1,2018-04-23 14:43:09.77,1454,0,2440,2018-04-23 09:29:27.0
33,2018-04-23 09:53:17.0,,,266,Pitch: -2.8° Power:  717.0 kW,1,2018-04-23 14:43:10.43,-28,7170,2440,2018-04-23 09:53:17.0
34,2018-04-23 09:53:17.0,,,265,Wind:  6.9 m/s  Gen:1104.9 RPM,1,2018-04-23 14:43:11.06,69,11049,2440,2018-04-23 09:53:17.0
35,2018-04-23 09:53:17.0,,,273,E.Wind: 7.5m/s Nac.Dir: 207.5°,1,2018-04-23 14:43:11.677,75,2075,2440,2018-04-23 09:53:17.0
36,2018-04-23 09:59:27.0,,,830,External power ref.:1206kW,1,2018-04-23 14:43:12.287,1206,0,2440,2018-04-23 09:59:27.0
37,2018-04-23 10:23:17.0,,,266,Pitch: -2.7° Power:  993.5 kW,1,2018-04-23 14:43:12.903,-27,9935,2440,2018-04-23 10:23:17.0
38,2018-04-23 10:23:17.0,,,265,Wind:  7.2 m/s  Gen:1202.2 RPM,1,2018-04-23 14:43:13.53,72,12022,2440,2018-04-23 10:23:17.0
39,2018-04-23 10:23:17.0,,,273,E.Wind: 8.3m/s Nac.Dir: 213.8°,1,2018-04-23 14:43:14.153,83,2138,2440,2018-04-23 10:23:17.0
40,2018-04-23 10:29:27.0,,,830,External power ref.: 810kW,1,2018-04-23 14:43:14.763,810,0,2440,2018-04-23 10:29:27.0
41,2018-04-23 10:53:17.0,,,266,Pitch: -2.7° Power: 1088.1 kW,1,2018-04-23 14:43:15.407,-27,10881,2440,2018-04-23 10:53:17.0
42,2018-04-23 10:53:17.0,,,265,Wind:  8.6 m/s  Gen:1252.5 RPM,1,2018-04-23 14:43:16.03,86,12525,2440,2018-04-23 10:53:17.0
43,2018-04-23 10:53:17.0,,,273,E.Wind: 8.4m/s Nac.Dir: 207.1°,1,2018-04-23 14:43:16.657,84,2071,2440,2018-04-23 10:53:17.0
44,2018-04-23 10:53:21.0,,,2803,YawLubr Completed Req: 1,1,2018-04-23 14:43:17.27,1,0,2440,2018-04-23 10:53:21.0
45,2018-04-23 10:59:27.0,,,830,External power ref.:1106kW,1,2018-04-23 14:43:17.883,1106,0,2440,2018-04-23 10:59:27.0
46,2018-04-23 11:23:17.0,,,266,Pitch: -2.7° Power: 1006.0 kW,1,2018-04-23 14:43:18.51,-27,10060,2440,2018-04-23 11:23:17.0
47,2018-04-23 11:23:17.0,,,265,Wind:  7.8 m/s  Gen:1180.5 RPM,1,2018-04-23 14:43:19.13,78,11805,2440,2018-04-23 11:23:17.0
48,2018-04-23 11:23:17.0,,,273,E.Wind: 8.4m/s Nac.Dir: 200.4°,1,2018-04-23 14:43:19.747,84,2004,2440,2018-04-23 11:23:17.0
49,2018-04-23 11:29:27.0,,,830,External power ref.: 950kW,1,2018-04-23 14:43:20.4,950,0,2440,2018-04-23 11:29:27.0
50,2018-04-23 11:49:26.0,,,115,Generator out,1,2018-04-23 14:43:21.06,0,0,2440,2018-04-23 11:49:26.0
51,2018-04-23 11:49:27.0,,,114,"Gen 2 in,LastProdCtrlState 22",1,2018-04-23 14:43:21.717,2,22,2440,2018-04-23 11:49:27.0
52,2018-04-23 11:51:28.0,,,115,Generator out,1,2018-04-23 14:43:22.317,0,0,2440,2018-04-23 11:51:28.0
53,2018-04-23 11:51:29.0,,,114,"Gen 1 in,LastProdCtrlState 22",1,2018-04-23 14:43:22.917,1,22,2440,2018-04-23 11:51:29.0
54,2018-04-23 11:53:17.0,,,266,Pitch: -2.7° Power:  819.5 kW,1,2018-04-23 14:43:23.543,-27,8195,2440,2018-04-23 11:53:17.0
55,2018-04-23 11:53:17.0,,,265,Wind:  6.4 m/s  Gen:1162.4 RPM,1,2018-04-23 14:43:24.163,64,11624,2440,2018-04-23 11:53:17.0
56,2018-04-23 11:53:17.0,,,273,E.Wind: 7.7m/s Nac.Dir: 213.4°,1,2018-04-23 14:43:24.783,77,2134,2440,2018-04-23 11:53:17.0
57,2018-04-23 11:59:27.0,,,830,External power ref.:1051kW,1,2018-04-23 14:43:25.427,1051,0,2440,2018-04-23 11:59:27.0
58,2018-04-23 12:23:17.0,,,266,Pitch: -2.7° Power:  815.0 kW,1,2018-04-23 14:43:26.08,-27,8150,2440,2018-04-23 12:23:17.0
59,2018-04-23 12:23:17.0,,,265,Wind:  6.4 m/s  Gen:1176.6 RPM,1,2018-04-23 14:43:26.697,64,11766,2440,2018-04-23 12:23:17.0
60,2018-04-23 12:23:17.0,,,273,E.Wind: 7.8m/s Nac.Dir: 187.8°,1,2018-04-23 14:43:27.3,78,1878,2440,2018-04-23 12:23:17.0
61,2018-04-23 12:29:27.0,,,830,External power ref.:2000kW,1,2018-04-23 14:43:27.91,2000,0,2440,2018-04-23 12:29:27.0
62,2018-04-23 12:49:54.0,,,2803,YawLubr Completed Req: 1,1,2018-04-23 14:43:28.537,1,0,2440,2018-04-23 12:49:54.0
63,2018-04-23 12:53:17.0,,,266,Pitch: -2.7° Power:  899.5 kW,1,2018-04-23 14:43:29.16,-27,8995,2440,2018-04-23 12:53:17.0
64,2018-04-23 12:53:17.0,,,265,Wind:  7.5 m/s  Gen:1138.8 RPM,1,2018-04-23 14:43:29.767,75,11388,2440,2018-04-23 12:53:17.0
65,2018-04-23 12:53:17.0,,,273,E.Wind: 8.1m/s Nac.Dir: 229.8°,1,2018-04-23 14:43:30.427,81,2298,2440,2018-04-23 12:53:17.0
66,2018-04-23 12:54:56.0,,,68,"HV Trafo. vent. 1, temp:  2°C",1,2018-04-23 14:43:31.063,1,2,2440,2018-04-23 12:54:56.0
67,2018-04-23 12:59:27.0,,,830,External power ref.:2000kW,1,2018-04-23 14:43:31.693,2000,0,2440,2018-04-23 12:59:27.0
68,2018-04-23 13:08:01.0,,,115,Generator out,1,2018-04-23 14:43:32.3,0,0,2440,2018-04-23 13:08:01.0
69,2018-04-23 13:08:02.0,,,114,"Gen 2 in,LastProdCtrlState 22",1,2018-04-23 14:43:32.91,2,22,2440,2018-04-23 13:08:02.0
70,2018-04-23 13:15:06.0,,,115,Generator out,1,2018-04-23 14:43:33.523,0,0,2440,2018-04-23 13:15:06.0
71,2018-04-23 13:15:07.0,,,114,"Gen 1 in,LastProdCtrlState 22",1,2018-04-23 14:43:34.13,1,22,2440,2018-04-23 13:15:07.0
72,2018-04-23 13:23:17.0,,,266,Pitch: -2.7° Power:  839.0 kW,1,2018-04-23 14:43:34.743,-27,8390,2440,2018-04-23 13:23:17.0
73,2018-04-23 13:23:17.0,,,265,Wind:  6.3 m/s  Gen:1184.4 RPM,1,2018-04-23 14:43:35.397,63,11844,2440,2018-04-23 13:23:17.0
74,2018-04-23 13:23:17.0,,,273,E.Wind: 7.8m/s Nac.Dir: 216.4°,1,2018-04-23 14:43:35.997,78,2164,2440,2018-04-23 13:23:17.0
75,2018-04-23 13:27:26.0,,,115,Generator out,1,2018-04-23 14:43:36.6,0,0,2440,2018-04-23 13:27:26.0
76,2018-04-23 13:27:28.0,,,114,"Gen 2 in,LastProdCtrlState 22",1,2018-04-23 14:43:37.2,2,22,2440,2018-04-23 13:27:28.0
77,2018-04-23 13:29:27.0,,,830,External power ref.: 664kW,1,2018-04-23 14:43:37.817,664,0,2440,2018-04-23 13:29:27.0
78,2018-04-23 13:31:50.0,,,115,Generator out,1,2018-04-23 14:43:38.433,0,0,2440,2018-04-23 13:31:50.0
79,2018-04-23 13:31:51.0,,,114,"Gen 1 in,LastProdCtrlState 22",1,2018-04-23 14:43:39.05,1,22,2440,2018-04-23 13:31:51.0
80,2018-04-23 13:44:13.0,,,115,Generator out,1,2018-04-23 14:43:39.653,0,0,2440,2018-04-23 13:44:13.0
81,2018-04-23 13:44:14.0,,,114,"Gen 2 in,LastProdCtrlState 22",1,2018-04-23 14:43:40.303,2,22,2440,2018-04-23 13:44:14.0
82,2018-04-23 13:50:10.0,,,115,Generator out,1,2018-04-23 14:43:40.903,0,0,2440,2018-04-23 13:50:10.0
83,2018-04-23 13:50:11.0,,,114,"Gen 1 in,LastProdCtrlState 22",1,2018-04-23 14:43:41.507,1,22,2440,2018-04-23 13:50:11.0
84,2018-04-23 13:53:17.0,,,266,Pitch: -0.3° Power:   -0.5 kW,1,2018-04-23 14:43:42.13,-3,-5,2440,2018-04-23 13:53:17.0
85,2018-04-23 13:53:17.0,,,265,Wind:  3.9 m/s  Gen: 981.9 RPM,1,2018-04-23 14:43:42.74,39,9819,2440,2018-04-23 13:53:17.0
86,2018-04-23 13:53:17.0,,,273,E.Wind: 3.3m/s Nac.Dir: 216.4°,1,2018-04-23 14:43:43.353,33,2164,2440,2018-04-23 13:53:17.0
87,2018-04-23 13:53:35.0,,,115,Generator out,1,2018-04-23 14:43:43.967,0,0,2440,2018-04-23 13:53:35.0
88,2018-04-23 13:53:36.0,,,114,"Gen 2 in,LastProdCtrlState 22",1,2018-04-23 14:43:44.567,2,22,2440,2018-04-23 13:53:36.0
89,2018-04-23 13:59:27.0,,,830,External power ref.:2000kW,1,2018-04-23 14:43:45.23,2000,0,2440,2018-04-23 13:59:27.0
90,2018-04-23 14:03:20.0,,,68,"HV Trafo. vent. 0, temp:  2°C",1,2018-04-23 14:43:45.827,0,2,2440,2018-04-23 14:03:20.0
91,2018-04-23 14:11:03.0,,,115,Generator out,1,2018-04-23 14:43:46.437,0,0,2440,2018-04-23 14:11:03.0
92,2018-04-23 14:11:04.0,,,114,"Gen 1 in,LastProdCtrlState 22",1,2018-04-23 14:43:47.037,1,22,2440,2018-04-23 14:11:04.0
93,2018-04-23 14:21:06.0,,,115,Generator out,1,2018-04-23 14:43:47.64,0,0,2440,2018-04-23 14:21:06.0
94,2018-04-23 14:21:07.0,,,114,"Gen 2 in,LastProdCtrlState 22",1,2018-04-23 14:43:48.257,2,22,2440,2018-04-23 14:21:07.0
95,2018-04-23 14:23:17.0,,,266,Pitch: -2.7° Power:  703.7 kW,1,2018-04-23 14:43:48.88,-27,7037,2440,2018-04-23 14:23:17.0
96,2018-04-23 14:23:17.0,,,265,Wind:  7.4 m/s  Gen:1065.9 RPM,1,2018-04-23 14:43:49.5,74,10659,2440,2018-04-23 14:23:17.0
97,2018-04-23 14:23:17.0,,,273,E.Wind: 7.5m/s Nac.Dir: 251.6°,1,2018-04-23 14:43:50.157,75,2516,2440,2018-04-23 14:23:17.0
98,2018-04-23 14:24:39.0,,,115,Generator out,1,2018-04-23 14:43:50.76,0,0,2440,2018-04-23 14:24:39.0
99,2018-04-23 14:24:43.0,,,114,"Gen 1 in,LastProdCtrlState 22",1,2018-04-23 14:43:51.363,1,22,2440,2018-04-23 14:24:43.0
100,2018-04-23 14:29:06.0,,,115,Generator out,1,2018-04-23 14:43:51.973,0,0,2440,2018-04-23 14:29:06.0
101,2018-04-23 14:29:07.0,,,114,"Gen 2 in,LastProdCtrlState 22",1,2018-04-23 14:43:52.587,2,22,2440,2018-04-23 14:29:07.0
102,2018-04-23 14:29:28.0,,,830,External power ref.: 458kW,1,2018-04-23 14:43:53.193,458,0,2440,2018-04-23 14:29:28.0
103,2018-04-23 14:31:13.0,,,115,Generator out,1,2018-04-23 14:43:53.81,0,0,2440,2018-04-23 14:31:13.0
104,2018-04-23 14:31:14.0,,,114,"Gen 1 in,LastProdCtrlState 22",1,2018-04-23 14:43:54.42,1,22,2440,2018-04-23 14:31:14.0
105,2018-04-23 14:32:07.0,,,2803,YawLubr Completed Req: 1,1,2018-04-23 14:43:55.04,1,0,2440,2018-04-23 14:32:07.0
106,2018-04-23 14:41:15.0,,,115,Generator out,1,2018-04-23 14:43:55.663,0,0,2440,2018-04-23 14:41:15.0
107,2018-04-23 14:41:16.0,,,114,"Gen 2 in,LastProdCtrlState 22",1,2018-04-23 14:43:56.29,2,22,2440,2018-04-23 14:41:16.0
108,2018-04-23 11:15:45.0,,,2660,Session logout: 1,1,2018-04-23 14:43:57.09,1,0,2440,2018-04-23 11:15:45.0
109,2018-04-23 11:20:01.0,,,2659,Session login: 1,1,2018-04-23 14:43:57.15,1,0,2440,2018-04-23 11:20:01.0
110,2018-04-23 13:18:23.0,,,2660,Session logout: 1,1,2018-04-23 14:43:57.18,1,0,2440,2018-04-23 13:18:23.0
111,2018-04-23 13:19:39.0,,,2659,Session login: 1,1,2018-04-23 14:43:57.207,1,0,2440,2018-04-23 13:19:39.0
112,2018-04-23 04:23:33.0,,2018-04-23 08:07:37.0,715,Possible Humidity sensor err.,2,2018-04-23 14:43:57.23,0,0,2440,2018-04-23 04:23:33.0
